category,accuracy,f1_macro,precision_macro,recall_macro,model_size_mb,total_parameters,inference_time_per_sample
roberta,0.5641666666666668,0.5438922453901677,0.5748743440842635,0.5641666666666666,475.8667106628418,124745603.0,0.0016396221849653456
distilbert,0.548611111111111,0.5133491709556198,0.5652259219875526,0.548611111111111,253.5356559753418,66462851.0,0.0010037869215011597
,,,,,,,
1layer,0.5266666666666667,0.48987254581018463,0.5421531373100376,0.5266666666666667,364.3286247253418,95506563.0,0.0013162110911475288
2layer,0.5861111111111111,0.5673688705356028,0.5979471287617787,0.5861111111111111,365.0737419128418,95701891.0,0.0013271980153189767
,,,,,,,
feat_extr,,,,,,,
ft_part,,,,,,,
ft_full,,,,,,,
